,VITIS_LOOP_35_1_VITIS_LOOP_37_2,seq_loop_status1.csv
grp_decompressor_kernel_Pipeline_VITIS_LOOP_39_3_fu_142,VITIS_LOOP_39_3,upc_loop_status1.csv
grp_huffmanDecoderLL_2_0_s_fu_147,VITIS_LOOP_1009_1,seq_loop_status2.csv
grp_huffmanDecoderLL_2_0_s_fu_147,huffmanDecoder_label0,seq_loop_status3.csv
grp_huffmanDecoderLL_2_0_s_fu_147.grp_huffmanDecoderLL_2_0_Pipeline_read_fname_fu_636,read_fname,upc_loop_status2.csv
grp_huffmanDecoderLL_2_0_s_fu_147.grp_huffmanDecoderLL_2_0_Pipeline_VITIS_LOOP_1130_3_fu_651,VITIS_LOOP_1130_3,upc_loop_status3.csv
grp_huffmanDecoderLL_2_0_s_fu_147.grp_huffmanBytegenLL_fu_661.grp_huffmanBytegenLL_Pipeline_ByteGen_fu_468,ByteGen,upc_loop_status4.csv
grp_huffmanDecoderLL_2_0_s_fu_147.grp_huffmanDecoderLL_2_0_Pipeline_dyn_len_bits_fu_711,dyn_len_bits,upc_loop_status5.csv
grp_huffmanDecoderLL_2_0_s_fu_147.grp_huffmanDecoderLL_2_0_Pipeline_VITIS_LOOP_1081_2_fu_729,VITIS_LOOP_1081_2,upc_loop_status6.csv
grp_huffmanDecoderLL_2_0_s_fu_147.grp_code_generator_array_dyn_new_fu_737.grp_code_generator_array_dyn_new_Pipeline_cnt_lens_fu_184,cnt_lens,upc_loop_status7.csv
grp_huffmanDecoderLL_2_0_s_fu_147.grp_code_generator_array_dyn_new_fu_737.grp_code_generator_array_dyn_new_Pipeline_firstCode_fu_208,firstCode,upc_loop_status8.csv
grp_huffmanDecoderLL_2_0_s_fu_147.grp_code_generator_array_dyn_new_fu_737.grp_code_generator_array_dyn_new_Pipeline_CodeGen_fu_243,CodeGen,upc_loop_status9.csv
grp_huffmanDecoderLL_2_0_s_fu_147.grp_byteGen_fu_762.grp_byteGen_Pipeline_bytegen_fu_274,bytegen,upc_loop_status10.csv
grp_huffmanDecoderLL_2_0_s_fu_147.grp_huffmanDecoderLL_2_0_Pipeline_strd_blk_cpy_fu_784,strd_blk_cpy,upc_loop_status11.csv
grp_huffmanDecoderLL_2_0_s_fu_147.grp_huffmanDecoderLL_2_0_Pipeline_consumeLeftOverData_fu_801,consumeLeftOverData,upc_loop_status12.csv
grp_decompressor_kernel_Pipeline_VITIS_LOOP_64_4_fu_160,VITIS_LOOP_64_4,upc_loop_status13.csv
grp_decompressor_kernel_Pipeline_VITIS_LOOP_87_6_fu_168,VITIS_LOOP_87_6,upc_loop_status14.csv
