,AESL_inst_decompressor_kernel,,module_status1.csv
,grp_decompressor_kernel_Pipeline_VITIS_LOOP_39_3_fu_142,,module_status2.csv
,grp_huffmanDecoderLL_2_0_s_fu_147,,module_status3.csv
grp_huffmanDecoderLL_2_0_s_fu_147,grp_loadBitStreamLL_fu_580,,module_status4.csv
grp_huffmanDecoderLL_2_0_s_fu_147,grp_discardBitStreamLL_fu_600,,module_status5.csv
grp_huffmanDecoderLL_2_0_s_fu_147,call_ret29_discardBitStreamLL_fu_610,,module_status6.csv
grp_huffmanDecoderLL_2_0_s_fu_147,call_ret30_discardBitStreamLL_fu_618,,module_status7.csv
grp_huffmanDecoderLL_2_0_s_fu_147,grp_discardBitStreamLL_fu_626,,module_status8.csv
grp_huffmanDecoderLL_2_0_s_fu_147,grp_huffmanDecoderLL_2_0_Pipeline_read_fname_fu_636,,module_status9.csv
grp_huffmanDecoderLL_2_0_s_fu_147,grp_huffmanDecoderLL_2_0_Pipeline_VITIS_LOOP_1130_3_fu_651,,module_status10.csv
grp_huffmanDecoderLL_2_0_s_fu_147,grp_huffmanBytegenLL_fu_661,,module_status11.csv
grp_huffmanDecoderLL_2_0_s_fu_147.grp_huffmanBytegenLL_fu_661,grp_huffmanBytegenLL_Pipeline_ByteGen_fu_468,,module_status12.csv
grp_huffmanDecoderLL_2_0_s_fu_147,grp_huffmanDecoderLL_2_0_Pipeline_dyn_len_bits_fu_711,,module_status13.csv
grp_huffmanDecoderLL_2_0_s_fu_147,grp_huffmanDecoderLL_2_0_Pipeline_VITIS_LOOP_1081_2_fu_729,,module_status14.csv
grp_huffmanDecoderLL_2_0_s_fu_147,grp_code_generator_array_dyn_new_fu_737,,module_status15.csv
grp_huffmanDecoderLL_2_0_s_fu_147.grp_code_generator_array_dyn_new_fu_737,grp_code_generator_array_dyn_new_Pipeline_cnt_lens_fu_184,,module_status16.csv
grp_huffmanDecoderLL_2_0_s_fu_147.grp_code_generator_array_dyn_new_fu_737,grp_code_generator_array_dyn_new_Pipeline_firstCode_fu_208,,module_status17.csv
grp_huffmanDecoderLL_2_0_s_fu_147.grp_code_generator_array_dyn_new_fu_737,grp_code_generator_array_dyn_new_Pipeline_CodeGen_fu_243,,module_status18.csv
grp_huffmanDecoderLL_2_0_s_fu_147,grp_byteGen_fu_762,,module_status19.csv
grp_huffmanDecoderLL_2_0_s_fu_147.grp_byteGen_fu_762,grp_byteGen_Pipeline_bytegen_fu_274,,module_status20.csv
grp_huffmanDecoderLL_2_0_s_fu_147,grp_huffmanDecoderLL_2_0_Pipeline_strd_blk_cpy_fu_784,,module_status21.csv
grp_huffmanDecoderLL_2_0_s_fu_147,grp_huffmanDecoderLL_2_0_Pipeline_consumeLeftOverData_fu_801,,module_status22.csv
,grp_decompressor_kernel_Pipeline_VITIS_LOOP_64_4_fu_160,,module_status23.csv
,grp_decompressor_kernel_Pipeline_VITIS_LOOP_87_6_fu_168,,module_status24.csv
